<?xml version="1.0" encoding="UTF-8"?>
<!--
  ~ Copyright (c) 2015-2016 Vladimir Schneider <vladimir.schneider@gmail.com>
  ~
  ~ Licensed to the Apache Software Foundation (ASF) under one
  ~ or more contributor license agreements.  See the NOTICE file
  ~ distributed with this work for additional information
  ~ regarding copyright ownership.  The ASF licenses this file
  ~ to you under the Apache License, Version 2.0 (the
  ~ "License"); you may not use this file except in compliance
  ~ with the License.  You may obtain a copy of the License at
  ~
  ~   http://www.apache.org/licenses/LICENSE-2.0
  ~
  ~ Unless required by applicable law or agreed to in writing,
  ~ software distributed under the License is distributed on an
  ~ "AS IS" BASIS, WITHOUT WARRANTIES OR CONDITIONS OF ANY
  ~ KIND, either express or implied.  See the License for the
  ~ specific language governing permissions and limitations
  ~ under the License.
  -->

<idea-plugin version="2">
    <extensionPoints>
        <extensionPoint qualifiedName="com.vladsch.idea.multimarkdown.html.panel.provider" interface="com.vladsch.idea.multimarkdown.editor.util.HtmlPanelProvider"/>
        <extensionPoint qualifiedName="com.vladsch.idea.multimarkdown.html.generator.provider" interface="com.vladsch.idea.multimarkdown.editor.util.HtmlGeneratorProvider"/>
        <extensionPoint qualifiedName="com.vladsch.idea.multimarkdown.html.script.provider" interface="com.vladsch.idea.multimarkdown.editor.util.HtmlScriptResourceProvider"/>
        <extensionPoint qualifiedName="com.vladsch.idea.multimarkdown.html.css.provider" interface="com.vladsch.idea.multimarkdown.editor.util.HtmlCssResourceProvider"/>
        <extensionPoint qualifiedName="com.vladsch.idea.multimarkdown.element.completionProvider" interface="com.vladsch.idea.multimarkdown.language.completion.MarkdownElementCompletion"/>
    </extensionPoints>

    <extensions defaultExtensionNs="com.vladsch.idea.multimarkdown">
        <html.panel.provider implementation="com.vladsch.idea.multimarkdown.editor.swing.SwingHtmlPanelProvider"/>
        <html.panel.provider implementation="com.vladsch.idea.multimarkdown.editor.lobo.LoboHtmlPanelProvider"/>
        <html.panel.provider implementation="com.vladsch.idea.multimarkdown.editor.javafx.JavaFxHtmlPanelProvider"/>
        <html.panel.provider implementation="com.vladsch.idea.multimarkdown.editor.text.TextHtmlPanelProvider"/>

        <html.generator.provider implementation="com.vladsch.idea.multimarkdown.editor.resources.SwingHtmlGeneratorProvider"/>
        <html.generator.provider implementation="com.vladsch.idea.multimarkdown.editor.resources.JavaFxHtmlGeneratorProvider"/>
        <html.generator.provider implementation="com.vladsch.idea.multimarkdown.editor.resources.TextHtmlGeneratorProvider"/>

        <html.css.provider implementation="com.vladsch.idea.multimarkdown.editor.resources.SwingHtmlCssProvider"/>
        <html.css.provider implementation="com.vladsch.idea.multimarkdown.editor.resources.LoboHtmlCssProvider"/>
        <html.css.provider implementation="com.vladsch.idea.multimarkdown.editor.resources.JavaFxHtmlCssProvider"/>
        <html.css.provider implementation="com.vladsch.idea.multimarkdown.editor.resources.TextHtmlCssProvider"/>
        <html.css.provider implementation="com.vladsch.idea.multimarkdown.editor.resources.HljsHtmlCssProvider"/>

        <html.script.provider implementation="com.vladsch.idea.multimarkdown.editor.resources.HljsScriptProvider"/>
        <html.script.provider implementation="com.vladsch.idea.multimarkdown.editor.resources.FireBugLiteScriptProvider"/>

        <element.completionProvider implementation="com.vladsch.idea.multimarkdown.language.completion.LinkAnchorCompletion"/>
        <element.completionProvider implementation="com.vladsch.idea.multimarkdown.language.completion.FootnoteRefCompletion"/>
        <element.completionProvider implementation="com.vladsch.idea.multimarkdown.language.completion.FootnoteIdCompletion"/>
        <element.completionProvider implementation="com.vladsch.idea.multimarkdown.language.completion.CodeFenceLanguageCompletion"/>
        <element.completionProvider implementation="com.vladsch.idea.multimarkdown.language.completion.GitHubIssueCompletion"/>
        <element.completionProvider implementation="com.vladsch.idea.multimarkdown.language.completion.LinkRefCompletion"/>
        <element.completionProvider implementation="com.vladsch.idea.multimarkdown.language.completion.LinkTextCompletion"/>
        <element.completionProvider implementation="com.vladsch.idea.multimarkdown.language.completion.ReferenceLinkCompletion"/>
        <element.completionProvider implementation="com.vladsch.idea.multimarkdown.language.completion.WikiLinkTextCompletion"/>
    </extensions>
</idea-plugin>
